main_topic,sub_topic
가족,가족과 함께 보낸 즐거운 설날 이야기
가족,가족과 함께한 여행의 추억
가족,아버지와의 뜻 깊은 대화
가족,어머니의 사랑에 대한 감사의 마음
가족,외할머니집에서의 어린시절 추억
20대 청춘의 여행,대학 친구와의 뒤늦은 졸업 여행
20대 청춘의 여행,여행에서 얻은 깨달음
20대 청춘의 여행,야간버스 여행으로 본 도시의 야경
20대 청춘의 여행,여행 중 만난 이국의 사람들과의 인연
20대 청춘의 여행,첫 해외여행 혼자서 가보기
가상의 여행,낙타 등으로 사하라 사막을 건넜다면
가상의 여행,세계 7대 불가사의를 방문한 이야기
가상의 여행,시간 여행을 통해 고대로 떠났다면
가상의 여행,심해를 탐험하는 가상 이야기
가상의 여행,우주 여행을 가상으로 체험했다면
가족,가족과 함께한 행복한 주말
가족,아버지와 보낸 시간
가족,어머니와 보낸 시간
가족,할아버지께 들은 옛날 이야기
가족,가장 행복했던 가족 모임
가족,가족 간의 따뜻한 소통 방법
가족,가족과 함께한 연휴 여행 이야기
가족,형제와의 재미있는 경쟁 이야기
가족,가족 간의 의미 있는 이벤트
가족,가족 모임에서의 특별한 이야기
가족,가족과 함께 보낸 크리스마스 이야기
가족,가족과 함께 보낸 특별한 날
가족,가족과의 일상 속 소소한 이야기
가족,가족이 주는 위안에 대한 이야기
가족,어릴 적 가족과 다녀왔던 여행지
가족,평범한 주말 가족들과 보낸 하루
가족,할머니와의 추억
가족,가족과 함께한 새해 봉사활동
가족,가족과의 특별한 추억
가족,가족에게 배운 중요한 가치
가족,가족에게 전하고 싶은 메시지
가족,가족여행 이야기
가족,동생과의 첫 캠핑
가족,아버지와 함께한 낚시 여행
가족,어머니의 손맛 있는 요리와 함께한 저녁 식사
가족,평소 가족과 함께 하는 활동
가족,할머니 집에서 보내는 여름 휴가
학창 시절 추억,고등학교 3년 동안의 수능 준비 과정
학창 시절 추억,기말고사로 인한 스트레스
학창 시절 추억,반에서 진행한 축제 준비 과정과 성과
학창 시절 추억,방과 후 동아리 활동
학창 시절 추억,운동부로서 경험한 대회 준비 및 참가 이야기
학창 시절 추억,졸업식에서의 눈물
학창 시절 추억,첫 연애 이야기
학창 시절 추억,첫 연애의 설렘과 이별 감정
학창 시절 추억,학교 축제에서의 경험
학창 시절 추억,학창시절 친구들과의 여름방학 MT 회고
학창 시절 추억,경시 대회에서 상을 받은 이야기
학창 시절 추억,고등학교 첫 날의 느낌
학창 시절 추억,운동회에서의 흥미로운 사건
학창 시절 추억,졸업식에서의 눈물 이야기
학창 시절 추억,학교 축제에서의 즐거운 순간
고민과 해결,스트레스를 해소하는 방법 공유
고민과 해결,인간관계에서의 이해와 타협
고민과 해결,자신의 감정을 이해하는 과정
고민과 해결,자존감을 회복한 경험담
고민과 해결,직장에서 겪었던 가장 큰 고민
관계 이야기,가장 소중하게 여기는 사람과의 추억
관계 이야기,갑자기 연락이 끊어진 사람에 대한 이야기
관계 이야기,내가 가르쳐 준 것을 잘 실천하는 사람에 대한 이야기
관계 이야기,새로운 사람과 친해지는 과정 이야기
관계 이야기,오랫동안의 친구와 정리가 안 되는 일
기억에 남는 음식,가장 잘 만들 수 있는 요리 이야기
기억에 남는 음식,맛없어서 다시는 먹고 싶지 않은 음식
기억에 남는 음식,살면서 먹어본 가장 맛있었던 음식
기억에 남는 음식,어릴 적 자주 먹었던 음식에 대한 추억
기억에 남는 음식,요리 실패담
대학생활,가장 잊혀지지 않는 프로젝트 경험
대학생활,교환학생으로 떠난 뉴욕
대학생활,대학 동아리 활동에서의 경험
대학생활,대학 생활 중 가장 행복했던 순간
대학생활,대학교 첫 날의 감동
대학생활,대학생활 속의 우정과 사랑
대학생활,동아리 활동을 통해 배운 것들
대학생활,졸업 작품 준비 과정
대학생활,졸업을 앞둔 대학 마지막 학기 회고록
대학생활,"처음으로 혼자서 살아보기, 자취방에서의 삶"
대학생활,학과 MT에서의 유쾌한 순간
대학생활,학교에서 가장 힘들었던 시기와 그 극복 이야기
대학생활,학교에서의 가장 큰 성취
대학생활,학부모로서의 삶
대학생활,훈련받은 전공에 대한 고민
대학생활,MT에서의 웃픈 에피소드
대학생활,같은 동아리 친구와의 우정 이야기
대학생활,새내기 시절의 당황스러웠던 순간
대학생활,하루 종일 도서관에서 공부한 날
대학생활,학교 축제에서의 기억에 남는 경험
대학생활,동아리 활동 중 가장 재밌었던 순간
대학생활,신입생으로써 첫 학기를 진행하면서 느낀 점
대학생활,졸업논문 작성 과정에서 겪었던 어려움
대학생활,첫 야간 도서관에서의 공부 경험
대학생활,최애 과목과 그 이유
여행 경험,대학생활과 학과 공부에 대한 이야기
여행 경험,여행에서 겪은 위기와 그 해결 방법
여행 경험,여행을 결정하게 된 배경과 준비 과정
여행 경험,여행이 끝나고 느낀 감정과 변화
여행 경험,친구와 함께한 재미있는 에피소드
취미생활,독특한 취미를 가지게 된 계기
취미생활,취미를 통해 배운 것과 느낀 점
취미생활,취미생활 중 만난 특별한 사람들
취미생활,취미생활을 통해 극복한 어려움
취미생활,취미생활을 통해 얻은 성취감에 대한 이야기
펫과의 일상,강아지와 함께하는 산책
펫과의 일상,고양이와의 저녁 시간
펫과의 일상,사육 중인 열대어 관찰 일기
펫과의 일상,새로 입양한 토끼와의 첫날
펫과의 일상,집사로서의 하루
동물과의 추억,간직하고 싶은 동물과의 추억
동물과의 추억,기억에 남는 애완동물의 특이한 행동
동물과의 추억,동물원에서 겪었던 특별한 경험
동물과의 추억,동물을 키우며 느낀 책임감
동물과의 추억,첫 반려동물에 대한 이야기
만화/영화에 관한 경험,러브코미디 영화를 보고 느낀 감정
만화/영화에 관한 경험,만화/애니메이션을 통해 얻은 교훈
만화/영화에 관한 경험,영화제에서 잊지 못할 추억
만화/영화에 관한 경험,외국 만화/애니메이션에 대한 이해와 해석
만화/영화에 관한 경험,인생에서 가장 기억에 남는 영화와 그 이유
펫과의 일상,반려동물과의 미스터리한 소통
펫과의 일상,반려동물과의 산책 경험
펫과의 일상,반려동물을 잃어버린 경험과 찾게된 순간
펫과의 일상,반려동물의 재미있는 행동들
펫과의 일상,첫 반려동물을 맞이한 날
봉사활동을 통한 인간 이해,"내 첫 봉사활동, 독거노인 방문 봉사"
봉사활동을 통한 인간 이해,다문화 가정을 위한 교육 봉사 활동
봉사활동을 통한 인간 이해,유기동물 보호소에서의 봉사 이야기
봉사활동을 통한 인간 이해,해외 봉사활동을 통해 배운 것
봉사활동을 통한 인간 이해,환경 보호를 위한 쓰레기 줍기 봉사
비오는 날,비오는 날 산책하며 느낀 감정
비오는 날,소나기 속에서의 키스
비오는 날,우산을 잃어버린 날의 이야기
비오는 날,장마철의 기억
비오는 날,창밖 비를 보며
사랑의 모든 것,사랑의 가치와 중요성에 대한 깨달음
사랑의 모든 것,사랑하게 된 계기와 그 순간의 감정
사랑의 모든 것,사랑하는 사람과의 추억 속 여행
사랑의 모든 것,이별 후의 아픔과 그것을 극복한 과정
사랑의 모든 것,첫사랑의 달콤함에 대한 회상
성장 이야기,인생에서 가장 강하게 성장했던 시기
성장 이야기,자신을 이기는 순간
성장 이야기,책임감을 느낀 순간
성장 이야기,최근에 배운 새로운 스킬
성장 이야기,포기하지 않고 꾸준히 한 일
소소한 행복,기분 좋아지는 취미 생활
소소한 행복,독서로 찾아낸 작은 즐거움
소소한 행복,사랑받는 기분을 느낀 순간
소소한 행복,주말 아침의 특별함
소소한 행복,집에 꽃을 놓고 생활하는 이야기
숲에서의 일상,새소리에 깨어나는 경험
숲에서의 일상,숲속에서의 아침 루틴
숲에서의 일상,숲에서 보낸 밤의 기억
숲에서의 일상,야생동물과의 뜻밖의 만남
숲에서의 일상,포레스트 트레킹 경험
신혼여행기,갑작스런 일로 계획이 변경된 날
신혼여행기,"신혼여행 마지막 날, 공항에서의 이별"
신혼여행기,신혼여행 중 첫날밤의 이야기
신혼여행기,신혼여행을 결정하게 된 배경
신혼여행기,추억이 남은 특별한 장소 방문기
아이와 함께하는 일상,아이가 처음으로 말을 배우는 시기
아이와 함께하는 일상,아이와 함께하는 요리 시간
아이와 함께하는 일상,아이와 함께한 첫 나들이 경험
아이와 함께하는 일상,아이와 함께한 특별한 축제 경험
아이와 함께하는 일상,아이의 첫 학교 라이프
아침 루틴,아침 산책에 따르는 감정 변화
아침 루틴,아침 운동 후 조식 준비
아침 루틴,아침 음악 선택
아침 루틴,아침에 드는 첫 커피의 감상
아침 루틴,우리집 햇살 맞는 아침 풍경
펫과의 일상,강아지와 함께한 산책 이야기
펫과의 일상,새끼 고양이를 입양하게 된 계기
펫과의 일상,"애완동물과의 이별, 그 후의 감정"
펫과의 일상,애완동물과의 첫 만남 및 적응기
펫과의 일상,애완동물에게 배운 것과 그들이 주는 행복
업무 중 상황,오후 회사 분위기 속에서의 커피 한 잔의 여유
업무 중 상황,중요한 프로젝트를 끝내고 느낀 성취감
업무 중 상황,프로모션을 준비하면서 겪은 어려움
업무 중 상황,회사 동료와의 갈등 상황 해결 과정
업무 중 상황,회의 중 발표를 맡게 되어서 느낀 불안감
여행 경험,명상 여행지에서의 경험
여행 경험,여행 중 가장 맛있었던 음식과 그 장소
여행 경험,여행 중 만난 흥미로운 사람들
여행 경험,외국에서 맛본 특색있는 음식들
여행 경험,유럽 배낭여행 중 만난 사람들과의 이야기
여행 경험,인생 사진을 찍기 위해 찾아간 대한민국의 명소
여행 경험,재미있었던 가족여행 이야기
여행 경험,제주도에서의 독특한 카페 탐방 경험
여행 경험,친구와 함께한 캠핑 여행에서 겪은 일
여행 경험,해외여행 중 겪었던 위기 상황
여행 경험,가장 기억에 남는 여행지에서의 경험
여행 경험,가장 기억에 남는 여행지와 그 이유
여행 경험,가장 인상 깊었던 여행 경험
여행 경험,가족과 함께한 하와이 여행
여행 경험,낯선 도시에서의 재밌는 황당 사건
여행 경험,다시 가고 싶은 여행지와 그 이유
여행 경험,라오스에서의 봉사활동 여행
여행 경험,망했던 여행 경험
여행 경험,여행 중 만난 특별한 사람
여행 경험,여행 중 만난 특별한 사람 이야기
여행 경험,여행 중 생긴 특별한 일
여행 경험,여행을 통해 배운 것
여행 경험,여행할 때 반드시 가지고 가는 것과 그 이유
여행 경험,외국에서 맛본 최고의 음식과 그 경험
여행 경험,유럽 배낭여행 중 생긴 일
여행 경험,유럽 자유여행 동안의 에피소드
여행 경험,작은 섬에서의 천천히 흘러가는 시간
여행 경험,지인과의 친밀감을 높여준 여행 이야기
여행 경험,첫 해외여행 경험
여행 경험,첫 해외여행에서 겪은 문화 충격
여행 경험,첫 해외여행의 추억
여행 경험,친구와의 국내 여행 경험
여행 경험,혼자서 떠난 일본 여행
여행 경험,혼자서 떠난 제주도 여행에서의 경험
여행 경험,가족과 함께 떠난 제주도 여행기
여행 경험,"드라이브 중 만난 풍경들, 전국 닭갈비 맛집 탐방"
여행 경험,비행기에서 보이는 아름다운 일출 이야기
여행 경험,최애 친구들과의 경주 밤벚꽃 축제 이야기
여행 경험,"혼자서 첫 해외여행, 뉴질랜드의 추억"
여행 경험,동남아에서 느낀 문화 충격
여행 경험,로컬 푸드 마켓 탐방 이야기
여행 경험,유럽 자유여행에서 겪은 사건
여행 경험,제주도에서의 미스터리한 경험
여행 경험,해외에서 만난 한국인의 베풀기
여행 경험,가장 인상 깊었던 여행 경험
여행 경험,가장 인상 깊었던 자연 경치
여행 경험,가장 인상깊었던 여행지와 그 이유
여행 경험,갑작스럽게 시작된 로드트립
여행 경험,기차를 타고 떠난 여행 이야기
여행 경험,내 생애 가장 행복했던 여행
여행 경험,내 생애 최고의 여행
여행 경험,다시 가고 싶은 그 장소에서의 하루
여행 경험,비행기에서 겪은 긴장감 넘치는 순간들
여행 경험,언젠가 꼭 가보고 싶은 여행지에 대한 상상
여행 경험,여행 중 만난 사람들과의 에피소드
여행 경험,여행 중 만난 사람들과의 우정 이야기
여행 경험,여행 중 힘들었던 순간
여행 경험,여행으로 얻은 깊은 교훈
여행 경험,여행으로 인해 변화된 나
여행 경험,여행지에서 겪었던 위기상황과 그 해결방법
여행 경험,여행지에서 즐겼던 음식 이야기
여행 경험,외국에서 겪은 문화충격
여행 경험,첫 해외여행 경험담
여행 경험,첫 해외여행의 기억
여행 경험,첫번째로 혼자 다녀온 여행
여행 경험,최고의 여름휴가 이야기
여행 경험,최악의 여행 경험 재현
여행 경험,친구와 함께한 캠핑 경험
여행 경험,현지에서 만난 사람들과의 경험
여행 경험,갑작스러운 비로 인한 캠핑 체험
여행 경험,여행지에서 잃어버린 지갑 찾기
여행 경험,지역 명물로 인한 식중독
여행 경험,해변에서의 로맨틱한 추억
여행 경험,해외여행 중 이룬 친구
여행 경험,도쿄 타워에서 보는 밤 풍경
여행 경험,로마의 거리에서 맛본 젤라또
여행 경험,발리에서의 새벽 서핑
여행 경험,제주도 올레길 걷기
여행 경험,프랑스 여행 중 우연히 만난 미술작가
외국에서의 생활 경험,문화 충격을 받았던 순간
외국에서의 생활 경험,새로운 친구들과의 만남
외국에서의 생활 경험,외국 생활을 마치고 돌아온 후의 반응
외국에서의 생활 경험,외국으로 건너가게 된 계기
외국에서의 생활 경험,체크인부터 숙소까지의 이야기
운동 경험담,수영장에서의 첫 수영 경험
운동 경험담,요가 수업에서의 웃긴 에피소드
운동 경험담,자전거 타기 도중의 사건
운동 경험담,트레킹 도중 발견한 풍경
운동 경험담,헬스장에서의 웃픈 일
유기동물 입양 이야기,계속된 훈련과 함께 성장하는 반려동물
유기동물 입양 이야기,울트라마라톤에 참가한 반려동물과의 추억
유기동물 입양 이야기,유기동물 입양을 결심하게 된 계기
유기동물 입양 이야기,처음 동물병원 방문과 입양 사전 검사
유기동물 입양 이야기,"첫 만남의 순간, 반려동물과의 첫 인사"
음식,밤샘 공부 후 만든 간식 이야기
음식,삼겹살 파티에서의 요리 대결
음식,엄마의 비밀 레시피 따라하기
음식,초보자의 김밥 롤링
음식,홈메이드 피자 만들기 실패담
음식,"과거에 매우 좋아했던 음식, 현재의 감정"
음식,음식에 대한 특별한 추억
음식,직접 만든 요리를 처음으로 소개해주는 순간
음식,최악의 고기집 경험
음식,특별한 이유로 먹게 된 음식과 그 맛
음식,다이어트와의 사투
음식,어머니의 손맛 그리움
음식,외국 음식에 대한 도전
음식,첫 외식 사업 실패 이야기
음식,최애 음식에 대한 애정
음악과의 일상,공연을 관람하고 난 뒤의 감회
음악과의 일상,음악가로서의 꿈을 가진 이야기
음악과의 일상,음악으로 스트레스를 해소하는 방법
음악과의 일상,즐겨 듣는 음악과 그 이유
음악과의 일상,처음 악기를 배우게 된 사연
음악과의 일상,갑작스런 영감으로 완성한 자작곡 이야기
음악과의 일상,독특한 악기를 배우게 된 계기
음악과의 일상,음악 페스티벌에서의 특별한 경험
음악과의 일상,즐겨듣는 음악에 대한 생각과 감정
음악과의 일상,첫 공연을 준비하며 겪은 이야기
인생에서의 변화,20대 초반의 방황과 고민
인생에서의 변화,30대가 되면서 느낀 변화
인생에서의 변화,"결혼과 출산, 그리고 가족"
인생에서의 변화,나이 들면서 느낀 삶의 가치
인생에서의 변화,직장 생활로 인한 스트레스
인생에서의 소중한 순간들,가장 감동적이었던 순간
인생에서의 소중한 순간들,가장 행복했던 순간
인생에서의 소중한 순간들,가장 후회되었던 순간
인생에서의 소중한 순간들,어릴 적 기억에 남는 순간
인생에서의 소중한 순간들,인생을 바꾼 순간
소소한 행복,나만의 휴식 방법
소소한 행복,따뜻한 차 한 잔에 대한 소감
소소한 행복,자연을 바라보며 느낀 행복
소소한 행복,즐거운 산책 경험
소소한 행복,집에서 하루 종일 보낸 날
일상 중 발견한 아름다움,음식에서 발견한 아름다움
일상 중 발견한 아름다움,자연에서 발견한 아름다움
일상 중 발견한 아름다움,주변 사람들에서 보였던 아름다움
일상 중 발견한 아름다움,집에서 발견한 아름다움
일상 중 발견한 아름다움,평범한 거리에서 발견한 아름다움
소소한 행복,빗 소리를 들으며 보낸 밤
소소한 행복,새벽 운동의 즐거움
소소한 행복,애완동물과 보낸 특별한 하루
소소한 행복,집에서 즐기는 가장 행복한 순간
소소한 행복,최애 커피숍에서의 하루
자기계발,독서를 통해 얻은 인생의 변화
자기계발,명상을 통한 내면의 성장 이야기
자기계발,영화 관람을 통해 느낀 삶의 깊이
자기계발,운동을 통해 찾은 나만의 힐링 시간
자기계발,자격증 공부를 통해 배운 인내와 끈기
자기계발,독서를 통해 얻은 인생의 교훈
자기계발,목표를 세우고 이를 달성하기까지의 과정
자기계발,성공적으로 새로운 습관을 만든 경험
자기계발,어떻게 스트레스를 관리하는지에 대한 방법과 경험
자기계발,운동을 통해 얻은 변화와 그 과정
자기계발,꾸준히 연습하던 스킬을 드디어 성공한 순간
자기계발,내가 차근차근 준비한 계획이 성공했을 때
자기계발,독서를 통해 얻은 깨달음
자기계발,명상을 통해 찾은 내면의 평온함
자기계발,새로 배우기 시작한 취미 이야기
자기계발,새로운 취미를 시작하게 된 이유와 그 과정
자기계발,실패하지 않기 위해 특별히 신경 쓴 것
자기계발,완성한 프로젝트와 그 과정
자기계발,외국어 학습 과정에서의 업앤다운
자기계발,운동을 꾸준히 시작하게 된 계기
자연과의 만남,바다에서 느낀 평온함에 대한 생각
자연과의 만남,봄꽃 피는 계절의 변화를 느끼며
자연과의 만남,비 올 때의 향기에 대한 감상
자연과의 만남,산에서 만난 동물 이야기
자연과의 만남,캠핑장에서의 하룻밤 이야기
주말 브런치 시간,브런치를 통해 얻은 소소한 행복
주말 브런치 시간,주말 브런치로 보내는 이상적인 시간
주말 브런치 시간,직접 요리한 브런치의 맛
주말 브런치 시간,집에서 만든 브런치의 메뉴와 그 레시피
주말 브런치 시간,친구와 브런치 카페를 방문한 경험
직장 생활,사장님과의 기막힌 만남 사건
직장 생활,직장에서 겪은 가장 힘들었던 상황
직장 생활,직장에서의 유쾌한 에피소드
직장 생활,첫 프로젝트 성공 이야기
직장 생활,늦게 시작한 직장 생활
직장 생활,직장에서 만난 멘토와의 관계
직장 생활,첫 프로젝트 실패로 느낀 후회
직장 생활,퇴사 후 느낀 성장과 공허함
직장 생활,회사 워크샵에서의 에피소드
직장 생활,보스와의 관계와 상사간의 갈등 경험
직장 생활,사회생활을 하면서 느낀 가장 큰 변화
직장 생활,직장에서 만난 멘토와의 관계
직장 생활,직장에서의 우정 이야기
직장 생활,처음으로 받은 월급으로 뭘 했는지
직장 생활,첫 직장의 첫 날
직장 생활,회사 생활 중 특별히 기억에 남는 일
직장 생활,회사에서의 연말파티와 팀빌딩 이야기
집에서의 이야기,집에서 반려동물과 보내는 하루
집에서의 이야기,집에서 영화나 드라마 보며 느낀 점
집에서의 이야기,집에서 첫 요리 도전기
집에서의 이야기,집에서의 DIY 리모델링 경험
집에서의 이야기,집에서의 휴식 시간 속에서의 일상
책과의 생활,나를 바꾼 책 이야기
책과의 생활,다시는 읽고 싶지 않은 책과 그 이유
책과의 생활,마음에 특별히 남은 구절과 그 이유
책과의 생활,어릴 적 가장 좋아했던 책
책과의 생활,책 속에 등장한 가장 인상 깊었던 장면
첫 경험,첫 고백 이야기
첫 경험,첫 사랑 이별 후의 감정
첫 경험,첫 차량 구매 경험
첫 경험,첫 학교 관찰 일기
첫 경험,첫 해외여행에서의 불안과 설렘
취미생활,나만의 독특한 취미 이야기
취미생활,취미로 배운 가장 의미있는 것
취미생활,취미를 찾게된 계기
취미생활,취미를 통해 얻은 인간관계
취미생활,평상시 즐겨하는 취미 활동
취미생활,국제 친구를 만든 언어 학습의 여정
취미생활,나의 첫 직접 키운 식물 이야기
취미생활,연기 공부를 시작한 이유와 그 과정
취미생활,"우연히 시작한 요가, 이제는 일상의 일부"
취미생활,자전거 타기를 시작한 이유와 변화
취미생활,가장 오래하고 있는 취미
취미생활,같이 취미를 공유하는 사람들
취미생활,다른 사람들에게 추천하고 싶은 취미
취미생활,최근에 시작한 새로운 취미
취미생활,취미를 통해 얻은 것
취미생활,요가로 인해 바뀐 일상 루틴
취미생활,요가를 시작하게 된 계기
취미생활,요가를 통해 알게 된 나의 새로운 모습
취미생활,요가와 함께한 힐링 여행
취미생활,처음 요가 수업을 받고 느낀 감정
취미생활,다양한 사람들과의 취미 모임 이야기
취미생활,독특한 취미를 가진 사람을 만나게 된 이야기
취미생활,동네 볼링장에서의 우정 이야기
취미생활,"등산으로 필요한 체력, 정신건강 챙기기"
취미생활,어릴 적 동네 친구들과 했던 축구 이야기
취미생활,자신만의 취미를 소개하는 이야기
취미생활,제과 취미로 시작한 홈베이킹
취미생활,취미로 시작해 전문적으로 배우게 된 경험
취미생활,취미를 통해 배운 생각
취미생활,터키여행으로 촉발된 바둑에 대한 관심
취미생활,오래전 취미로 시작한 활동
취미생활,취미로 인해 겪은 독특한 경험
취미생활,취미를 가지게 된 계기
취미생활,취미생활을 통해 알게된 새로운 사실
취미생활,필요한 휴식을 취할 때의 기분
취미생활,나의 독특한 취미 생활
취미생활,창작활동을 시작하게 된 계기
취미생활,첫 킥보드 경험 이야기
취미생활,취미를 통해 배운 가장 중요한 교훈
취미생활,취미생활을 통해 만난 사람들
취미생활,다이빙을 통해 보는 바다의 아름다움
취미생활,등산을 통한 자연과의 소통 경험
취미생활,미술 작품 완성 후의 희열
취미생활,요리를 통해 느낀 성취감
취미생활,책 읽기를 통한 여행의 행복
친구와의 관계,친구 앞에서 가장 편안했던 순간
친구와의 관계,친구와 처음 만난 이야기
친구와의 관계,친구와의 다툼과 화해 이야기
친구와의 관계,친구와의 대화에서 얻은 깊은 인사이트
친구와의 관계,친구와의 뜻깊은 여행 경험
친구와의 관계,고등학교 동창회에서의 재회
친구와의 관계,친구와 함께한 뜻 깊은 순간
친구와의 관계,친구와 함께한 졸업여행
친구와의 관계,친구와의 야경 데이트
친구와의 관계,친구와의 첫 만남
특별한 날의 이야기,가장 기억에 남는 생일 파티 이야기
특별한 날의 이야기,가장 마음이 아팠던 순간 이야기
특별한 날의 이야기,가장 행복했던 날의 이야기
특별한 날의 이야기,첫사랑과의 첫 데이트 이야기
특별한 날의 이야기,학교에서의 최고의 순간 이야기
펫과의 일상,강아지와의 산책 경험
펫과의 일상,물고기와의 특별한 시간
펫과의 일상,새끼 고양이와의 첫 만남
펫과의 일상,철새와 함께한 하루
펫과의 일상,페럿과 함께한 재미난 놀이
학창 시절 추억,고등학교 때의 첫사랑 이야기
학창 시절 추억,외국어 수업에서 겪은 어려움
학창 시절 추억,학교 동아리 활동의 추억
학창 시절 추억,학교 친구와의 소중한 우정
학창 시절 추억,학교 페스티벌에서의 재미있는 경험
학창 시절 추억,고등학교 시절 가장 재미있었던 순간
학창 시절 추억,중학교 때 느꼈던 가장 큰 실패감
학창 시절 추억,초등학교 친구와의 소중한 추억
학창 시절 추억,학교 축제에서의 특별한 경험
학창 시절 추억,학창시절 가장 기억에 남는 선생님과의 이야기
휴일의 데이트,강남 한복판에서의 데이트
휴일의 데이트,비오는 날의 영화관 데이트
휴일의 데이트,주말 캠핑 데이트
휴일의 데이트,집에서 보내는 데이트
휴일의 데이트,책방에서의 달달한 데이트
